Time,Production
6/1/2005,165491
7/1/2005,149890
8/1/2005,148767
9/1/2005,129964
10/1/2005,135770
11/1/2005,128726
12/1/2005,119416
1/1/2006,120984
2/1/2006,115854
3/1/2006,100196
4/1/2006,109338
5/1/2006,101320
6/1/2006,107249
7/1/2006,98373
8/1/2006,29020
9/1/2006,102855
10/1/2006,80792
11/1/2006,74681
12/1/2006,74992
1/1/2007,73575
2/1/2007,70595
3/1/2007,64753
4/1/2007,66869
5/1/2007,60742
6/1/2007,62630
7/1/2007,58329
8/1/2007,62027
9/1/2007,62647
10/1/2007,58684
11/1/2007,54659
12/1/2007,52564
1/1/2008,56174
2/1/2008,37788
3/1/2008,4
4/1/2008,45114
5/1/2008,79116
6/1/2008,69858
7/1/2008,60250
8/1/2008,56252
9/1/2008,53127
10/1/2008,48978
11/1/2008,47128
12/1/2008,43809
1/1/2009,44379
2/1/2009,43068
3/1/2009,37169
4/1/2009,39919
5/1/2009,38553
6/1/2009,37064
7/1/2009,35233
8/1/2009,36171
9/1/2009,36496
10/1/2009,34237
11/1/2009,34505
12/1/2009,32482
1/1/2010,32743
2/1/2010,32400
3/1/2010,28815
4/1/2010,31225
5/1/2010,29804
6/1/2010,30134
7/1/2010,28454
8/1/2010,29561
9/1/2010,28889
10/1/2010,27388
11/1/2010,27674
12/1/2010,26648
1/1/2011,27005
2/1/2011,26764
3/1/2011,24638
4/1/2011,26075
5/1/2011,24840
6/1/2011,25137
7/1/2011,23888
8/1/2011,24241
9/1/2011,23951
10/1/2011,23188
11/1/2011,24129
12/1/2011,23259
1/1/2012,23554
2/1/2012,22909
3/1/2012,21012
4/1/2012,22857
5/1/2012,21675
6/1/2012,21956
7/1/2012,20282
8/1/2012,20684
9/1/2012,21094
10/1/2012,20721
11/1/2012,21254
12/1/2012,20445
1/1/2013,20792
2/1/2013,20638
3/1/2013,18363
4/1/2013,20128
5/1/2013,18878
6/1/2013,19278
7/1/2013,18714
8/1/2013,19144
9/1/2013,18879
10/1/2013,18285
11/1/2013,18856
12/1/2013,17702
