t,Production,water,Price
6/1/2005,87903,0,0
7/1/2005,95520,0,0
8/1/2005,87370,0,0
9/1/2005,87578,0,0
10/1/2005,84023,0,0
11/1/2005,82615,0,0
12/1/2005,79061,0,0
1/1/2006,75177,0,0
2/1/2006,74612,0,0
3/1/2006,71874,0,0
4/1/2006,72828,0,0
5/1/2006,69408,0,0
6/1/2006,56757,0,0
7/1/2006,66933,0,0
8/1/2006,61935,0,0
9/1/2006,64235,0,0
10/1/2006,57762,0,0
11/1/2006,58712,0,0
12/1/2006,56712,0,0
1/1/2007,53009,0,0
2/1/2007,55615,0,0
3/1/2007,53531,0,0
4/1/2007,53195,0,0
5/1/2007,53724,0,0
6/1/2007,46795,0,0
7/1/2007,52810,0,0
8/1/2007,46893,0,0
9/1/2007,40580,0,0
10/1/2007,48346,0,0
11/1/2007,47318,0,0
12/1/2007,37189,0,0
1/1/2008,40235,0,0
2/1/2008,74609,0,0
3/1/2008,57252,0,0
4/1/2008,30624,0,0
5/1/2008,45673,0,0
6/1/2008,64217,0,0
7/1/2008,41759,0,0
8/1/2008,36265,0,0
9/1/2008,34406,0,0
10/1/2008,30515,0,0
11/1/2008,28698,0,0
12/1/2008,29077,0,0
1/1/2009,26267,0,0
2/1/2009,25419,0,0
3/1/2009,16790,0,0
4/1/2009,23658,0,0
5/1/2009,25243,0,0
6/1/2009,22901,0,0
7/1/2009,24026,0,0
8/1/2009,22819,0,0
9/1/2009,23512,0,0
10/1/2009,21562,0,0
11/1/2009,21995,0,0
12/1/2009,20702,0,0
1/1/2010,3098,0,0
2/1/2010,0,0,0
3/1/2010,0,0,0
4/1/2010,16,0,0
5/1/2010,0,0,0
6/1/2010,0,0,0
7/1/2010,14837,0,0
8/1/2010,20049,0,0
9/1/2010,20859,0,0
10/1/2010,19774,0,0
11/1/2010,19995,0,0
12/1/2010,15223,0,0
1/1/2011,9795,0,0
2/1/2011,21142,0,0
3/1/2011,19474,0,0
4/1/2011,19534,0,0
5/1/2011,19218,0,0
6/1/2011,16910,0,0
7/1/2011,18044,0,0
8/1/2011,17117,0,0
9/1/2011,16967,0,0
10/1/2011,16596,0,0
11/1/2011,16829,0,0
12/1/2011,16152,0,0
1/1/2012,15092,0,0
2/1/2012,16410,0,0
3/1/2012,14490,0,0
4/1/2012,12480,0,0
5/1/2012,13576,0,0
6/1/2012,12955,0,0
7/1/2012,13603,0,0
8/1/2012,12442,0,0
9/1/2012,11863,0,0
10/1/2012,12139,0,0
11/1/2012,12630,0,0
12/1/2012,11255,0,0
1/1/2013,10556,0,0
2/1/2013,10095,0,0
3/1/2013,9643,0,0
4/1/2013,9049,0,0
5/1/2013,7291,0,0
6/1/2013,4889,0,0
7/1/2013,125,0,0
8/1/2013,3262,0,0
9/1/2013,6507,0,0
10/1/2013,517,0,0
11/1/2013,441,0,0
12/1/2013,373,0,0
