Time,Production,Water Price,Oil Price
6/1/2005,165491,0,0
7/1/2005,149890,0,0
8/1/2005,148767,0,0
9/1/2005,129964,0,0
10/1/2005,135770,0,0
11/1/2005,128726,0,0
12/1/2005,119416,0,0
1/1/2006,120984,0,0
2/1/2006,115854,0,0
3/1/2006,100196,0,0
4/1/2006,109338,0,0
5/1/2006,101320,0,0
6/1/2006,107249,0,0
7/1/2006,98373,0,0
8/1/2006,29020,0,0
9/1/2006,102855,0,0
10/1/2006,80792,0,0
11/1/2006,74681,0,0
12/1/2006,74992,0,0
1/1/2007,73575,0,0
2/1/2007,70595,0,0
3/1/2007,64753,0,0
4/1/2007,66869,0,0
5/1/2007,60742,0,0
6/1/2007,62630,0,0
7/1/2007,58329,0,0
8/1/2007,62027,0,0
9/1/2007,62647,0,0
10/1/2007,58684,0,0
11/1/2007,54659,0,0
12/1/2007,52564,0,0
1/1/2008,56174,0,0
2/1/2008,37788,0,0
3/1/2008,4,0,0
4/1/2008,45114,0,0
5/1/2008,79116,0,0
6/1/2008,69858,0,0
7/1/2008,60250,0,0
8/1/2008,56252,0,0
9/1/2008,53127,0,0
10/1/2008,48978,0,0
11/1/2008,47128,0,0
12/1/2008,43809,0,0
1/1/2009,44379,0,0
2/1/2009,43068,0,0
3/1/2009,37169,0,0
4/1/2009,39919,0,0
5/1/2009,38553,0,0
6/1/2009,37064,0,0
7/1/2009,35233,0,0
8/1/2009,36171,0,0
9/1/2009,36496,0,0
10/1/2009,34237,0,0
11/1/2009,34505,0,0
12/1/2009,32482,0,0
1/1/2010,32743,0,0
2/1/2010,32400,0,0
3/1/2010,28815,0,0
4/1/2010,31225,0,0
5/1/2010,29804,0,0
6/1/2010,30134,0,0
7/1/2010,28454,0,0
8/1/2010,29561,0,0
9/1/2010,28889,0,0
10/1/2010,27388,0,0
11/1/2010,27674,0,0
12/1/2010,26648,0,0
1/1/2011,27005,0,0
2/1/2011,26764,0,0
3/1/2011,24638,0,0
4/1/2011,26075,0,0
5/1/2011,24840,0,0
6/1/2011,25137,0,0
7/1/2011,23888,0,0
8/1/2011,24241,0,0
9/1/2011,23951,0,0
10/1/2011,23188,0,0
11/1/2011,24129,0,0
12/1/2011,23259,0,0
1/1/2012,23554,0,0
2/1/2012,22909,0,0
3/1/2012,21012,0,0
4/1/2012,22857,0,0
5/1/2012,21675,0,0
6/1/2012,21956,0,0
7/1/2012,20282,0,0
8/1/2012,20684,0,0
9/1/2012,21094,0,0
10/1/2012,20721,0,0
11/1/2012,21254,0,0
12/1/2012,20445,0,0
1/1/2013,20792,0,0
2/1/2013,20638,0,0
3/1/2013,18363,0,0
4/1/2013,20128,0,0
5/1/2013,18878,0,0
6/1/2013,19278,0,0
7/1/2013,18714,0,0
8/1/2013,19144,0,0
9/1/2013,18879,0,0
10/1/2013,18285,0,0
11/1/2013,18856,0,0
12/1/2013,17702,0,0
