t,production,Water ,price
6/1/2005,409391,0,0
7/1/2005,351267,0,0
8/1/2005,352051,0,0
9/1/2005,321575,0,0
10/1/2005,308627,0,0
11/1/2005,276803,0,0
12/1/2005,226202,0,0
1/1/2006,225096,0,0
2/1/2006,190150,0,0
3/1/2006,175219,0,0
4/1/2006,159022,0,0
5/1/2006,151587,0,0
6/1/2006,137953,0,0
7/1/2006,124973,0,0
8/1/2006,117888,0,0
9/1/2006,92867,0,0
10/1/2006,93900,0,0
11/1/2006,86508,0,0
12/1/2006,72593,0,0
1/1/2007,74119,0,0
2/1/2007,68489,0,0
3/1/2007,68387,0,0
4/1/2007,60908,0,0
5/1/2007,57686,0,0
6/1/2007,53053,0,0
7/1/2007,48334,0,0
8/1/2007,47624,0,0
9/1/2007,46922,0,0
