Date,"Oil Monthly Volum, BBL","Water Monthly Volum, BBL","Oil Price-EIA Cushing WTI, $"
3/1/2018,1050.90,85.06,62.73
4/1/2018,1184.20,147.10,66.25
5/1/2018,740.90,65620.80,69.98
6/1/2018,1605.80,136620.10,67.87
7/1/2018,892.80,73876.10,70.98
8/1/2018,573.50,50325.40,68.06
9/1/2018,654.10,52948.00,70.23
10/1/2018,589.00,44032.40,70.75
11/1/2018,511.50,41090.50,56.96
12/1/2018,626.20,43090.00,49.52
1/1/2019,399.90,33452.10,51.38
2/1/2019,3341.80,31833.90,54.95
3/1/2019,9563.50,29853.00,58.15
4/1/2019,49.60,775.00,63.86
5/1/2019,958.82,77614.43,60.83
6/1/2019,458.07,37079.79,54.66
7/1/2019,497.11,40239.99,57.35
8/1/2019,328.43,26585.71,54.81
9/1/2019,332.22,26892.50,56.95
10/1/2019,525.07,42503.30,53.96
11/1/2019,353.16,28587.55,57.03
12/1/2019,502.22,40653.64,59.88
1/1/2020,156.23,12646.49,57.52
2/1/2020,0.00,0.00,50.54
3/1/2020,694.02,56179.44,29.21
4/1/2020,311.75,25235.50,16.55
5/1/2020,0.00,0.00,28.56
6/1/2020,123.44,9992.20,38.31
