t (months),Production (MSCF),Water ,oilPrice
6/1/2005,117351,0,0
7/1/2005,106163,0,0
8/1/2005,104026,0,0
9/1/2005,96826,0,0
10/1/2005,93694,0,0
11/1/2005,91499,0,0
12/1/2005,84565,0,0
1/1/2006,84103,0,0
2/1/2006,77413,0,0
3/1/2006,65843,0,0
4/1/2006,82389,0,0
5/1/2006,65630,0,0
6/1/2006,71569,0,0
7/1/2006,63746,0,0
8/1/2006,65194,0,0
9/1/2006,62682,0,0
10/1/2006,62562,0,0
11/1/2006,60023,0,0
12/1/2006,57976,0,0
1/1/2007,57037,0,0
2/1/2007,53163,0,0
3/1/2007,53872,0,0
4/1/2007,52588,0,0
5/1/2007,45777,0,0
6/1/2007,49514,0,0
7/1/2007,48178,0,0
8/1/2007,19693,0,0
9/1/2007,45274,0,0
10/1/2007,2953,0,0
11/1/2007,80441,0,0
12/1/2007,56184,0,0
1/1/2008,51900,0,0
2/1/2008,46590,0,0
3/1/2008,44941,0,0
4/1/2008,42647,0,0
5/1/2008,32305,0,0
6/1/2008,32891,0,0
7/1/2008,31732,0,0
8/1/2008,28155,0,0
9/1/2008,35983,0,0
10/1/2008,39952,0,0
11/1/2008,38105,0,0
12/1/2008,35442,0,0
1/1/2009,34082,0,0
2/1/2009,31625,0,0
3/1/2009,32887,0,0
4/1/2009,32132,0,0
5/1/2009,29705,0,0
6/1/2009,30019,0,0
7/1/2009,27872,0,0
8/1/2009,21937,0,0
9/1/2009,20357,0,0
10/1/2009,16958,0,0
11/1/2009,24764,0,0
12/1/2009,23384,0,0
1/1/2010,19786,0,0
2/1/2010,19330,0,0
3/1/2010,24277,0,0
4/1/2010,24621,0,0
5/1/2010,17284,0,0
6/1/2010,15193,0,0
7/1/2010,15913,0,0
8/1/2010,17075,0,0
9/1/2010,16881,0,0
10/1/2010,19836,0,0
11/1/2010,24034,0,0
12/1/2010,23492,0,0
1/1/2011,23897,0,0
2/1/2011,20910,0,0
3/1/2011,22009,0,0
4/1/2011,21577,0,0
5/1/2011,16508,0,0
6/1/2011,18866,0,0
7/1/2011,19089,0,0
8/1/2011,21564,0,0
9/1/2011,19987,0,0
10/1/2011,19977,0,0
11/1/2011,17503,0,0
12/1/2011,12019,0,0
1/1/2012,12860,0,0
2/1/2012,11779,0,0
