Date,Oil Rate,Water Rate,price
3/4/2018,150.40,1159.30,0.00
3/5/2018,134.00,957.00,0.00
3/6/2018,127.40,856.80,0.00
3/7/2018,117.60,1075.20,0.00
3/8/2018,107.80,761.70,0.00
3/9/2018,123.20,828.90,0.00
3/10/2018,120.40,817.70,0.00
3/11/2018,78.40,840.10,0.00
3/12/2018,112.00,784.10,0.00
3/13/2018,84.00,840.10,0.00
3/14/2018,98.00,812.10,0.00
3/15/2018,95.20,694.50,0.00
3/16/2018,81.20,765.10,0.00
3/17/2018,98.00,694.50,0.00
3/18/2018,92.40,683.30,0.00
3/19/2018,86.80,750.50,0.00
3/20/2018,78.40,739.30,0.00
3/21/2018,98.00,688.40,0.00
3/22/2018,73.50,571.20,0.00
3/23/2018,83.30,655.30,0.00
3/24/2018,84.00,688.90,0.00
3/25/2018,76.30,688.90,0.00
3/26/2018,103.60,855.50,0.00
3/27/2018,84.00,856.90,0.00
3/28/2018,92.70,881.40,0.00
3/29/2018,86.80,856.90,0.00
3/30/2018,92.80,814.50,0.00
3/31/2018,83.70,808.90,0.00
4/1/2018,80.20,772.60,0.00
4/2/2018,93.40,820.10,0.00
4/3/2018,91.30,831.20,0.00
4/4/2018,71.10,758.70,0.00
4/5/2018,76.60,714.10,0.00
4/6/2018,41.80,552.30,0.00
4/7/2018,116.50,753.00,0.00
4/8/2018,70.40,736.40,0.00
4/9/2018,76.70,769.90,0.00
4/10/2018,101.10,814.50,0.00
4/11/2018,71.80,799.10,0.00
4/12/2018,78.00,920.50,0.00
4/13/2018,66.20,914.90,0.00
4/14/2018,83.00,768.50,0.00
4/15/2018,64.20,795.00,0.00
4/16/2018,59.20,776.80,0.00
4/17/2018,71.80,753.10,0.00
4/18/2018,64.90,785.20,0.00
4/19/2018,66.90,769.90,0.00
4/20/2018,67.60,739.20,0.00
4/21/2018,60.00,654.10,0.00
4/22/2018,71.10,768.50,0.00
4/23/2018,55.80,622.00,0.00
4/24/2018,0.00,0.10,0.00
4/25/2018,0.00,0.10,0.00
4/26/2018,0.00,0.10,0.00
4/27/2018,66.20,1198.00,0.00
4/28/2018,78.10,986.00,0.00
4/29/2018,81.60,885.60,0.00
4/30/2018,76.00,916.30,0.00
5/1/2018,62.00,883.10,0.00
5/2/2018,88.60,747.50,0.00
5/3/2018,59.30,786.60,0.00
5/4/2018,55.80,822.90,0.00
5/5/2018,58.60,746.10,0.00
5/6/2018,59.00,766.00,0.00
5/7/2018,91.40,882.00,0.00
5/8/2018,90.00,877.00,0.00
5/9/2018,64.20,921.90,0.00
5/10/2018,80.90,921.90,0.00
5/11/2018,48.70,936.20,0.00
5/12/2018,62.80,836.80,0.00
5/13/2018,63.50,860.50,0.00
5/14/2018,59.30,814.50,0.00
5/15/2018,67.60,788.00,0.00
5/16/2018,48.90,663.60,0.00
5/17/2018,20.00,820.00,0.00
5/18/2018,32.00,742.00,0.00
5/19/2018,35.50,790.80,0.00
5/20/2018,19.10,912.10,0.00
5/21/2018,42.50,751.70,0.00
5/22/2018,57.10,934.40,0.00
5/23/2018,48.10,1051.60,0.00
5/24/2018,52.00,907.90,0.00
5/25/2018,100.40,1160.40,0.00
5/26/2018,93.40,1118.50,0.00
5/27/2018,82.30,954.00,0.00
5/28/2018,63.50,859.10,0.00
5/29/2018,56.40,878.60,0.00
5/30/2018,102.90,1190.00,0.00
5/31/2018,168.10,1524.00,0.00
6/1/2018,133.00,1200.00,0.00
6/2/2018,127.00,1283.00,0.00
6/3/2018,131.20,1456.00,0.00
6/4/2018,166.70,1616.00,0.00
6/5/2018,177.30,1592.00,0.00
6/6/2018,190.40,1574.00,0.00
6/7/2018,166.60,1708.00,0.00
6/8/2018,188.30,1604.00,0.00
6/9/2018,169.30,1559.00,0.00
6/10/2018,156.20,1552.00,0.00
6/11/2018,156.20,1514.00,0.00
6/12/2018,154.80,1518.00,0.00
6/13/2018,163.20,1507.00,0.00
6/14/2018,136.00,1571.00,0.00
6/15/2018,144.40,1505.00,0.00
6/16/2018,154.70,1512.00,0.00
6/17/2018,131.80,1498.00,0.00
6/18/2018,124.20,1489.00,0.00
6/19/2018,160.40,1481.00,0.00
6/20/2018,139.00,1469.00,0.00
6/21/2018,127.60,1433.00,0.00
6/22/2018,127.00,1466.00,0.00
6/23/2018,132.50,1446.00,0.00
6/24/2018,122.70,1458.00,0.00
6/25/2018,123.90,1468.00,0.00
6/26/2018,116.40,1448.00,0.00
6/27/2018,103.90,1396.00,0.00
6/28/2018,116.50,1477.00,0.00
6/29/2018,166.20,1430.00,0.00
6/30/2018,83.40,1421.00,0.00
7/1/2018,101.10,1418.00,0.00
7/2/2018,79.50,1414.00,0.00
7/3/2018,121.30,1401.00,0.00
7/4/2018,77.10,1410.00,0.00
7/5/2018,88.60,1434.00,0.00
7/6/2018,101.10,1419.00,0.00
7/7/2018,117.20,1425.00,0.00
7/8/2018,74.60,1430.00,0.00
7/9/2018,105.00,1427.00,0.00
7/10/2018,89.30,1420.00,0.00
7/11/2018,74.30,1434.00,0.00
7/12/2018,80.20,1436.00,0.00
7/13/2018,82.30,1394.00,0.00
7/14/2018,103.20,1408.00,0.00
7/15/2018,63.50,1439.00,0.00
7/16/2018,77.40,1418.00,0.00
7/17/2018,85.10,1421.00,0.00
7/18/2018,85.10,1398.00,0.00
7/19/2018,103.90,1387.00,0.00
7/20/2018,55.90,1057.00,0.00
7/21/2018,27.90,1684.00,0.00
7/22/2018,78.80,1467.00,0.00
7/23/2018,110.90,1397.00,0.00
7/24/2018,68.10,1384.00,0.00
7/25/2018,64.20,1257.00,0.00
7/26/2018,0.00,0.10,0.00
7/27/2018,13.90,776.00,0.00
7/28/2018,17.40,2170.00,0.00
7/29/2018,64.20,1745.00,0.00
7/30/2018,71.80,1665.00,0.00
7/31/2018,11.90,1497.00,0.00
8/1/2018,110.60,1502.00,0.00
8/2/2018,43.20,1473.00,0.00
8/3/2018,77.40,1486.00,0.00
8/4/2018,70.40,1458.00,0.00
8/5/2018,66.90,1461.00,0.00
8/6/2018,87.10,1403.00,0.00
8/7/2018,64.90,1464.00,0.00
8/8/2018,78.10,1507.00,0.00
8/9/2018,62.80,1427.00,0.00
8/10/2018,37.80,1417.00,0.00
8/11/2018,59.30,1414.00,0.00
8/12/2018,72.50,1436.00,0.00
8/13/2018,45.30,1408.00,0.00
8/14/2018,59.30,1432.00,0.00
8/15/2018,53.00,1401.00,0.00
8/16/2018,42.50,1438.00,0.00
8/17/2018,51.60,1614.90,0.00
8/18/2018,92.20,1571.70,0.00
8/19/2018,63.40,1543.80,0.00
8/20/2018,62.10,1533.10,0.00
8/21/2018,62.40,1508.60,0.00
8/22/2018,77.20,1524.80,0.00
8/23/2018,9.90,1683.30,0.00
8/24/2018,0.00,0.10,0.00
8/25/2018,0.00,0.10,0.00
8/26/2018,0.00,0.10,0.00
8/27/2018,0.00,0.10,0.00
8/28/2018,9.80,1590.00,0.00
8/29/2018,4.50,2015.00,0.00
8/30/2018,21.60,2458.90,0.00
8/31/2018,56.60,2278.60,0.00
9/1/2018,43.90,1958.80,0.00
9/2/2018,42.10,1802.20,0.00
9/3/2018,43.40,1739.10,0.00
9/4/2018,43.70,1675.40,0.00
9/5/2018,35.20,1622.40,0.00
9/6/2018,43.30,1618.60,0.00
9/7/2018,52.80,1596.40,0.00
9/8/2018,49.50,1539.30,0.00
9/9/2018,48.20,1563.50,0.00
9/10/2018,48.50,1517.80,0.00
9/11/2018,51.30,1532.20,0.00
9/12/2018,47.90,1508.00,0.00
9/13/2018,52.70,1535.20,0.00
9/14/2018,77.80,1651.50,0.00
9/15/2018,55.50,1639.80,0.00
9/16/2018,60.90,1666.40,0.00
9/17/2018,64.80,1592.50,0.00
9/18/2018,58.70,1616.70,0.00
9/19/2018,47.00,1613.10,0.00
9/20/2018,75.10,1585.00,0.00
9/21/2018,61.60,1543.80,0.00
9/22/2018,69.10,1536.10,0.00
9/23/2018,52.30,1549.70,0.00
9/24/2018,61.00,1542.80,0.00
9/25/2018,49.00,1529.50,0.00
9/26/2018,61.90,1591.30,0.00
9/27/2018,71.10,1537.90,0.00
9/28/2018,46.70,1437.00,0.00
9/29/2018,25.60,1521.50,0.00
9/30/2018,79.20,1465.90,0.00
10/1/2018,39.20,1365.00,0.00
10/2/2018,39.10,1588.00,0.00
10/3/2018,69.70,1435.10,0.00
10/4/2018,62.60,1545.40,0.00
10/5/2018,57.80,1429.40,0.00
10/6/2018,40.60,1409.70,0.00
10/7/2018,24.00,1461.60,0.00
10/8/2018,51.90,1413.30,0.00
10/9/2018,67.80,1335.40,0.00
10/10/2018,12.40,1327.30,0.00
10/11/2018,41.60,1360.50,0.00
10/12/2018,49.80,1496.70,0.00
10/13/2018,38.50,1451.70,0.00
10/14/2018,43.10,1365.00,0.00
10/15/2018,21.90,871.00,0.00
10/16/2018,27.10,1742.30,0.00
10/17/2018,50.30,1638.60,0.00
10/18/2018,60.10,1532.90,0.00
10/19/2018,49.50,1526.20,0.00
10/20/2018,51.30,1536.30,0.00
10/21/2018,34.30,1491.70,0.00
10/22/2018,32.00,1491.90,0.00
10/23/2018,47.70,1506.30,0.00
10/24/2018,42.60,1472.50,0.00
10/25/2018,49.20,1459.40,0.00
10/26/2018,37.20,1618.50,0.00
10/27/2018,42.50,1509.20,0.00
10/28/2018,52.90,1490.80,0.00
10/29/2018,44.40,1355.70,0.00
10/30/2018,35.20,1460.00,0.00
10/31/2018,44.70,1440.10,0.00
11/1/2018,45.50,1539.40,0.00
11/2/2018,45.70,1449.60,0.00
11/3/2018,51.20,1499.70,0.00
11/4/2018,50.50,1496.10,0.00
11/5/2018,34.40,1448.00,0.00
11/6/2018,49.80,1586.80,0.00
11/7/2018,66.90,1451.10,0.00
11/8/2018,49.60,1515.10,0.00
11/9/2018,51.60,1493.30,0.00
11/10/2018,41.70,1526.00,0.00
11/11/2018,42.40,1586.20,0.00
11/12/2018,42.40,1542.60,0.00
11/13/2018,41.80,1504.40,0.00
11/14/2018,43.90,1526.10,0.00
11/15/2018,20.30,1514.60,0.00
11/16/2018,38.70,1594.40,0.00
11/17/2018,40.60,1500.90,0.00
11/18/2018,38.80,1543.80,0.00
11/19/2018,41.70,1648.00,0.00
11/20/2018,40.50,1269.10,0.00
11/21/2018,28.70,942.20,0.00
11/22/2018,43.60,1650.50,0.00
11/23/2018,60.40,1831.70,0.00
11/24/2018,25.60,907.90,0.00
11/25/2018,28.90,2157.70,0.00
11/26/2018,29.40,1932.40,0.00
11/27/2018,41.60,1974.00,0.00
11/28/2018,29.90,1837.50,0.00
11/29/2018,66.20,2032.70,0.00
11/30/2018,20.80,1937.40,0.00
12/1/2018,30.10,2039.20,0.00
12/2/2018,65.30,2147.00,0.00
12/3/2018,44.00,2254.60,0.00
12/4/2018,22.20,2040.90,0.00
12/5/2018,42.60,2222.90,0.00
12/6/2018,35.20,1969.80,0.00
12/7/2018,46.80,2310.50,0.00
12/8/2018,28.10,2239.60,0.00
12/9/2018,51.20,2227.90,0.00
12/10/2018,15.90,2323.30,0.00
12/11/2018,39.20,2207.70,0.00
12/12/2018,43.60,2281.80,0.00
12/13/2018,90.50,2153.90,0.00
12/14/2018,16.70,2400.90,0.00
12/15/2018,24.30,2396.60,0.00
12/16/2018,49.20,2320.10,0.00
12/17/2018,37.80,2429.40,0.00
12/18/2018,77.50,2113.30,0.00
12/19/2018,26.00,2314.60,0.00
12/20/2018,5.40,2580.50,0.00
12/21/2018,21.70,2261.00,0.00
12/22/2018,79.60,2228.90,0.00
12/23/2018,8.80,2445.80,0.00
12/24/2018,39.10,2299.60,0.00
12/25/2018,29.80,2504.90,0.00
12/26/2018,33.60,2434.40,0.00
12/27/2018,15.80,1989.40,0.00
12/28/2018,46.10,2392.80,0.00
12/29/2018,46.90,2527.50,0.00
12/30/2018,26.60,2395.80,0.00
12/31/2018,30.10,2447.00,0.00
1/1/2019,10.60,2413.40,0.00
1/2/2019,6.30,2512.80,0.00
1/3/2019,39.90,2453.20,0.00
1/4/2019,14.70,2610.00,0.00
1/5/2019,95.90,2457.70,0.00
1/6/2019,32.80,2466.30,0.00
1/7/2019,5.00,2631.60,0.00
1/8/2019,30.80,2422.30,0.00
1/9/2019,38.60,2569.80,0.00
1/10/2019,27.30,2512.50,0.00
1/11/2019,26.60,2716.20,0.00
1/12/2019,23.30,2554.80,0.00
1/13/2019,22.90,2534.40,0.00
1/14/2019,31.40,2590.50,0.00
1/15/2019,27.20,2630.30,0.00
1/16/2019,28.00,2601.90,0.00
1/17/2019,32.80,2898.00,0.00
1/18/2019,59.30,3020.60,0.00
1/19/2019,5.20,2476.40,0.00
1/20/2019,29.60,2671.50,0.00
1/22/2019,31.00,2618.40,0.00
1/23/2019,31.10,2394.10,0.00
1/24/2019,25.40,2572.60,0.00
1/25/2019,31.00,2728.70,0.00
1/26/2019,30.80,2698.10,0.00
1/27/2019,32.90,2725.40,0.00
1/28/2019,27.60,2757.10,0.00
1/29/2019,17.80,2716.90,0.00
1/30/2019,38.40,2811.20,0.00
1/31/2019,34.90,3169.30,0.00
2/1/2019,29.10,2555.00,0.00
2/2/2019,25.70,2744.00,0.00
2/3/2019,27.90,2342.40,0.00
2/4/2019,25.80,2293.50,0.00
2/5/2019,36.40,2722.60,0.00
2/6/2019,34.10,2274.70,0.00
2/7/2019,25.40,2538.90,0.00
2/8/2019,23.70,2238.70,0.00
2/9/2019,24.70,2606.90,0.00
2/10/2019,28.60,2197.80,0.00
2/11/2019,21.70,2252.20,0.00
2/12/2019,38.00,2284.30,0.00
2/13/2019,25.50,2430.30,0.00
2/14/2019,28.70,2249.70,0.00
2/15/2019,17.10,2414.20,0.00
2/16/2019,39.20,2217.00,0.00
2/17/2019,29.40,2310.40,0.00
2/18/2019,27.90,2470.20,0.00
2/19/2019,30.10,2200.70,0.00
2/20/2019,28.00,2400.00,0.00
2/21/2019,29.40,2376.60,0.00
2/22/2019,24.80,2399.20,0.00
2/23/2019,29.40,2435.30,0.00
2/24/2019,24.50,2238.70,0.00
2/25/2019,34.50,2382.20,0.00
2/26/2019,27.20,2235.70,0.00
2/27/2019,29.40,2362.10,0.00
2/28/2019,26.50,2448.60,0.00
3/1/2019,30.10,2266.60,0.00
3/2/2019,25.50,2412.20,0.00
3/3/2019,30.70,2379.70,0.00
3/4/2019,33.50,2274.60,0.00
3/5/2019,11.90,2215.60,0.00
3/6/2019,18.80,2333.40,0.00
3/7/2019,24.70,2147.70,0.00
3/8/2019,14.60,2291.50,0.00
3/9/2019,27.20,2160.30,0.00
3/10/2019,18.50,2496.10,0.00
3/11/2019,29.30,2355.90,0.00
3/12/2019,27.90,2347.60,0.00
3/13/2019,27.20,1909.90,0.00
3/14/2019,9.10,1901.10,0.00
3/15/2019,11.70,1951.10,0.00
3/16/2019,34.50,1775.30,0.00
3/17/2019,20.50,1833.90,0.00
3/18/2019,20.80,1777.50,0.00
3/19/2019,20.60,1762.50,0.00
3/20/2019,26.10,1675.40,0.00
3/21/2019,31.80,1837.50,0.00
3/22/2019,22.70,1610.70,0.00
3/23/2019,22.60,1750.40,0.00
3/24/2019,23.40,1687.00,0.00
3/25/2019,23.40,1590.80,0.00
3/26/2019,23.20,1642.30,0.00
3/27/2019,23.10,1534.00,0.00
3/28/2019,23.10,1593.20,0.00
3/29/2019,24.70,1517.00,0.00
3/30/2019,24.20,1679.90,0.00
3/31/2019,28.10,1449.60,0.00
4/1/2019,21.00,1586.90,0.00
